margin_cut,precision_at_cut,recall_at_cut,kept_frac
0.0,0.37735849056603776,1.0,1.0
0.005,1.0,0.05,0.018867924528301886
0.01,1.0,0.05,0.018867924528301886
0.015,0.0,0.0,0.0
0.02,0.0,0.0,0.0
0.025,0.0,0.0,0.0
0.03,0.0,0.0,0.0
0.035,0.0,0.0,0.0
0.04,0.0,0.0,0.0
0.045,0.0,0.0,0.0
0.05,0.0,0.0,0.0
